Year,URL,isPublic,Type,Era
1808,https://images.metmuseum.org/CRDImages/ep/original/DP274955.jpg,True,painting,1800s
1800,https://images.metmuseum.org/CRDImages/ep/original/DP-14274-013.jpg,True,painting,1800s
1802,https://images.metmuseum.org/CRDImages/ep/original/DP135221.jpg,True,painting,1800s
1801,https://images.metmuseum.org/CRDImages/ep/original/DP-416-001.jpg,True,painting,1800s
1800,https://images.metmuseum.org/CRDImages/ep/original/158041.jpg,True,painting,1800s
1808,https://images.metmuseum.org/CRDImages/ep/original/DP-31473-001.jpg,True,painting,1800s
1802,https://images.metmuseum.org/CRDImages/ep/original/57113.jpg,True,painting,1800s
1800,https://images.metmuseum.org/CRDImages/ep/original/DP169630.jpg,True,painting,1800s
1805,https://images.metmuseum.org/CRDImages/ep/original/DP169641.jpg,True,painting,1800s
1804,https://images.metmuseum.org/CRDImages/ep/original/DP167134.jpg,True,painting,1800s
1805,https://images.metmuseum.org/CRDImages/ep/original/ep95.14.83.R.jpg,True,painting,1800s
1801,https://images.metmuseum.org/CRDImages/ep/original/DP161648.jpg,True,painting,1800s
1806,https://images.metmuseum.org/CRDImages/ep/original/ep95.14.95.R.jpg,True,painting,1800s
1805,https://images.metmuseum.org/CRDImages/ep/original/258496.jpg,True,painting,1800s
1800,https://images.metmuseum.org/CRDImages/ep/original/ep95.14.50.R.jpg,True,painting,1800s
1800,https://images.metmuseum.org/CRDImages/ep/original/ep48.187.735.bw.R.jpg,True,painting,1800s
1805,https://images.metmuseum.org/CRDImages/ep/original/DP123853.jpg,True,painting,1800s
1808,https://images.metmuseum.org/CRDImages/ep/original/DP170904.jpg,True,painting,1800s
1801,https://images.metmuseum.org/CRDImages/ep/original/DP161651.jpg,True,painting,1800s
1802,https://images.metmuseum.org/CRDImages/ep/original/DP-13442-001.jpg,True,painting,1800s
1807,https://images.metmuseum.org/CRDImages/ep/original/DP170288.jpg,True,painting,1800s
1803,https://images.metmuseum.org/CRDImages/ep/original/127596.jpg,True,painting,1800s
1805,https://images.metmuseum.org/CRDImages/ep/original/175445.jpg,True,painting,1800s
1800,https://images.metmuseum.org/CRDImages/ep/original/257536.jpg,True,painting,1800s
1807,https://images.metmuseum.org/CRDImages/ep/original/DP-22747-001.jpg,True,painting,1800s
1804,https://images.metmuseum.org/CRDImages/ep/original/DT345086.jpg,True,painting,1800s
1807,https://images.metmuseum.org/CRDImages/ep/original/DP-22748-001.jpg,True,painting,1800s
1809,https://images.metmuseum.org/CRDImages/ep/original/94567.jpg,True,painting,1800s
1804,https://images.metmuseum.org/CRDImages/ep/original/64089.jpg,True,painting,1800s
1807,https://images.metmuseum.org/CRDImages/ep/original/DP169644.jpg,True,painting,1800s
1800,https://images.metmuseum.org/CRDImages/ep/original/DP-16594-001.jpg,True,painting,1800s
1800,https://images.metmuseum.org/CRDImages/ep/original/28877.jpg,True,painting,1800s
1804,https://images.metmuseum.org/CRDImages/ep/original/DP-28010-001.jpg,True,painting,1800s
1800,https://images.metmuseum.org/CRDImages/ep/original/ep42.53.3.R.jpg,True,painting,1800s
1805,https://images.metmuseum.org/CRDImages/ep/original/ep45.110.1.R.jpg,True,painting,1800s
1805,https://images.metmuseum.org/CRDImages/ep/original/DP167135.jpg,True,painting,1800s
1801,https://images.metmuseum.org/CRDImages/ep/original/258495.jpg,True,painting,1800s
1803,https://images.metmuseum.org/CRDImages/ep/original/DP-23352-001.jpg,True,painting,1800s
1800,https://images.metmuseum.org/CRDImages/ep/original/175573.jpg,True,painting,1800s
1800,https://images.metmuseum.org/CRDImages/ep/original/DP169470.jpg,True,painting,1800s
1805,https://images.metmuseum.org/CRDImages/ep/original/DP164805.jpg,True,painting,1800s
1808,https://images.metmuseum.org/CRDImages/ep/original/DP170905.jpg,True,painting,1800s
1801,https://images.metmuseum.org/CRDImages/ep/original/262810.jpg,True,painting,1800s
1808,https://images.metmuseum.org/CRDImages/ep/original/57103.jpg,True,painting,1800s
1800,https://images.metmuseum.org/CRDImages/ep/original/DP-20750-001.jpg,True,painting,1800s
1818,https://images.metmuseum.org/CRDImages/ep/original/DT2138.jpg,True,painting,1810s
1814,https://images.metmuseum.org/CRDImages/ep/original/DP268211.jpg,True,painting,1810s
1811,https://images.metmuseum.org/CRDImages/ep/original/DP-415-001.jpg,True,painting,1810s
1810,https://images.metmuseum.org/CRDImages/ep/original/DP331536.jpg,True,painting,1810s
1818,https://images.metmuseum.org/CRDImages/ep/original/DP162142.jpg,True,painting,1810s
1815,https://images.metmuseum.org/CRDImages/ep/original/266215gw.jpg,True,painting,1810s
1815,https://images.metmuseum.org/CRDImages/ep/original/DP169500.jpg,True,painting,1810s
1810,https://images.metmuseum.org/CRDImages/ep/original/ep95.14.85.R.jpg,True,painting,1810s
1815,https://images.metmuseum.org/CRDImages/ep/original/DP-34307-001.jpg,True,painting,1810s
1811,https://images.metmuseum.org/CRDImages/ep/original/DP169566.jpg,True,painting,1810s
1816,https://images.metmuseum.org/CRDImages/ep/original/DP-13141-001.jpg,True,painting,1810s
1817,https://images.metmuseum.org/CRDImages/ep/original/DP-16689-001.jpg,True,painting,1810s
1818,https://images.metmuseum.org/CRDImages/ep/original/ep45.110.4a.R.jpg,True,painting,1810s
1817,https://images.metmuseum.org/CRDImages/ep/original/DP148275.jpg,True,painting,1810s
1812,https://images.metmuseum.org/CRDImages/ep/original/DP327729.jpg,True,painting,1810s
1819,https://images.metmuseum.org/CRDImages/ep/original/DP-34303-001.jpg,True,painting,1810s
1810,https://images.metmuseum.org/CRDImages/ep/original/259972.jpg,True,painting,1810s
1810,https://images.metmuseum.org/CRDImages/ep/original/ep47.33.3.R.jpg,True,painting,1810s
1810,https://images.metmuseum.org/CRDImages/ep/original/DP-23372-001.jpg,True,painting,1810s
1810,https://images.metmuseum.org/CRDImages/ep/original/DP-22749-001.jpg,True,painting,1810s
1817,https://images.metmuseum.org/CRDImages/ep/original/DT235903.jpg,True,painting,1810s
1813,https://images.metmuseum.org/CRDImages/ep/original/DP259537.jpg,True,painting,1810s
1810,https://images.metmuseum.org/CRDImages/ep/original/259953.jpg,True,painting,1810s
1812,https://images.metmuseum.org/CRDImages/ep/original/259952.jpg,True,painting,1810s
1818,https://images.metmuseum.org/CRDImages/ep/original/DP-23958-001.jpg,True,painting,1810s
1815,https://images.metmuseum.org/CRDImages/ep/original/DP169443.jpg,True,painting,1810s
1816,https://images.metmuseum.org/CRDImages/ep/original/DT200600.jpg,True,painting,1810s
1814,https://images.metmuseum.org/CRDImages/ep/original/DT2550.jpg,True,painting,1810s
1819,https://images.metmuseum.org/CRDImages/ep/original/DT2006.jpg,True,painting,1810s
1810,https://images.metmuseum.org/CRDImages/ep/original/DP-23367-001.jpg,True,painting,1810s
1810,https://images.metmuseum.org/CRDImages/ep/original/159391.jpg,True,painting,1810s
1818,https://images.metmuseum.org/CRDImages/ep/original/DT1997.jpg,True,painting,1810s
1810,https://images.metmuseum.org/CRDImages/ep/original/175417.jpg,True,painting,1810s
1810,https://images.metmuseum.org/CRDImages/ep/original/DP270310.jpg,True,painting,1810s
1815,https://images.metmuseum.org/CRDImages/ep/original/DP-17611-001.jpg,True,painting,1810s
1817,https://images.metmuseum.org/CRDImages/ep/original/147885.jpg,True,painting,1810s
1818,https://images.metmuseum.org/CRDImages/ep/original/DT6102.jpg,True,painting,1810s
1818,https://images.metmuseum.org/CRDImages/ep/original/DP-23366-001.jpg,True,painting,1810s
1812,https://images.metmuseum.org/CRDImages/ep/original/64047.jpg,True,painting,1810s
1810,https://images.metmuseum.org/CRDImages/ep/original/209773.jpg,True,painting,1810s
1815,https://images.metmuseum.org/CRDImages/ep/original/175493.jpg,True,painting,1810s
1813,https://images.metmuseum.org/CRDImages/ep/original/CT_41560.jpg,True,painting,1810s
1817,https://images.metmuseum.org/CRDImages/ep/original/EP758.jpg,True,painting,1810s
1812,https://images.metmuseum.org/CRDImages/ep/original/57117.jpg,True,painting,1810s
1813,https://images.metmuseum.org/CRDImages/ep/original/DP-647-001.jpg,True,painting,1810s
1826,https://images.metmuseum.org/CRDImages/ep/original/DP332564.jpg,True,painting,1820s
1828,https://images.metmuseum.org/CRDImages/ep/original/DP-22554-001.jpg,True,painting,1820s
1824,https://images.metmuseum.org/CRDImages/ep/original/DP224123.jpg,True,painting,1820s
1823,https://images.metmuseum.org/CRDImages/ep/original/DP-34306-001.jpg,True,painting,1820s
1822,https://images.metmuseum.org/CRDImages/ep/original/DT4276.jpg,True,painting,1820s
1826,https://images.metmuseum.org/CRDImages/ep/original/DT1998.jpg,True,painting,1820s
1827,https://images.metmuseum.org/CRDImages/ep/original/DP-31457-001.jpg,True,painting,1820s
1824,https://images.metmuseum.org/CRDImages/ep/original/DP164869.jpg,True,painting,1820s
1823,https://images.metmuseum.org/CRDImages/ep/original/DT403.jpg,True,painting,1820s
1825,https://images.metmuseum.org/CRDImages/ep/original/DT10697.jpg,True,painting,1820s
1822,https://images.metmuseum.org/CRDImages/ep/original/DP169446.jpg,True,painting,1820s
1823,https://images.metmuseum.org/CRDImages/ep/original/DP-14345-001.jpg,True,painting,1820s
1822,https://images.metmuseum.org/CRDImages/ep/original/60097.jpg,True,painting,1820s
1821,https://images.metmuseum.org/CRDImages/ep/original/DP-23365-001.jpg,True,painting,1820s
1827,https://images.metmuseum.org/CRDImages/ep/original/147886.jpg,True,painting,1820s
1826,https://images.metmuseum.org/CRDImages/ep/original/DP274250.jpg,True,painting,1820s
1828,https://images.metmuseum.org/CRDImages/ep/original/DP164787.jpg,True,painting,1820s
1827,https://images.metmuseum.org/CRDImages/ep/original/175435.jpg,True,painting,1820s
1824,https://images.metmuseum.org/CRDImages/ep/original/DP212416.jpg,True,painting,1820s
1825,https://images.metmuseum.org/CRDImages/ep/original/209776.jpg,True,painting,1820s
1824,https://images.metmuseum.org/CRDImages/ep/original/DP-31220-001.jpg,True,painting,1820s
1828,https://images.metmuseum.org/CRDImages/ep/original/DP-15730-001.jpg,True,painting,1820s
1824,https://images.metmuseum.org/CRDImages/ep/original/DP-13728-001.jpg,True,painting,1820s
1820,https://images.metmuseum.org/CRDImages/ep/original/175569.jpg,True,painting,1820s
1820,https://images.metmuseum.org/CRDImages/ep/original/Wrightsman93.jpg,True,painting,1820s
1820,https://images.metmuseum.org/CRDImages/ep/original/DT4937.jpg,True,painting,1820s
1822,https://images.metmuseum.org/CRDImages/ep/original/ep95.14.52.R.jpg,True,painting,1820s
1820,https://images.metmuseum.org/CRDImages/ep/original/DP295718.jpg,True,painting,1820s
1828,https://images.metmuseum.org/CRDImages/ep/original/DT374621.jpg,True,painting,1820s
1825,https://images.metmuseum.org/CRDImages/ep/original/DP167130.jpg,True,painting,1820s
1824,https://images.metmuseum.org/CRDImages/ep/original/DP155336.jpg,True,painting,1820s
1825,https://images.metmuseum.org/CRDImages/ep/original/127595.jpg,True,painting,1820s
1825,https://images.metmuseum.org/CRDImages/ep/original/DP332568.jpg,True,painting,1820s
1825,https://images.metmuseum.org/CRDImages/ep/original/DP-31997-001-NEW.jpg,True,painting,1820s
1828,https://images.metmuseum.org/CRDImages/ep/original/259024.jpg,True,painting,1820s
1823,https://images.metmuseum.org/CRDImages/ep/original/DP-34315-001.jpg,True,painting,1820s
1824,https://images.metmuseum.org/CRDImages/ep/original/DP-17607-001.jpg,True,painting,1820s
1825,https://images.metmuseum.org/CRDImages/ep/original/DT313144.jpg,True,painting,1820s
1822,https://images.metmuseum.org/CRDImages/ep/original/DP150998.jpg,True,painting,1820s
1825,https://images.metmuseum.org/CRDImages/ep/original/ep87.15.110.jpg,True,painting,1820s
1823,https://images.metmuseum.org/CRDImages/ep/original/DP169460.jpg,True,painting,1820s
1829,https://images.metmuseum.org/CRDImages/ep/original/175590.jpg,True,painting,1820s
1826,https://images.metmuseum.org/CRDImages/ep/original/DP164827.jpg,True,painting,1820s
1825,https://images.metmuseum.org/CRDImages/ep/original/DP-19541-001.jpg,True,painting,1820s
1829,https://images.metmuseum.org/CRDImages/ep/original/ep24.80.523.R.jpg,True,painting,1820s
1835,https://images.metmuseum.org/CRDImages/ep/original/DT2013.jpg,True,painting,1830s
1830,https://images.metmuseum.org/CRDImages/ep/original/DP169391.jpg,True,painting,1830s
1836,https://images.metmuseum.org/CRDImages/ep/original/DP152116.jpg,True,painting,1830s
1830,https://images.metmuseum.org/CRDImages/ep/original/ep1992.104.R.jpg,True,painting,1830s
1832,https://images.metmuseum.org/CRDImages/ep/original/DT2009.jpg,True,painting,1830s
1833,https://images.metmuseum.org/CRDImages/ep/original/DP143197.jpg,True,painting,1830s
1837,https://images.metmuseum.org/CRDImages/ep/original/DT209332.jpg,True,painting,1830s
1830,https://images.metmuseum.org/CRDImages/ep/original/126053.jpg,True,painting,1830s
1835,https://images.metmuseum.org/CRDImages/ep/original/DP-34308-001.jpg,True,painting,1830s
1831,https://images.metmuseum.org/CRDImages/ep/original/EP652.jpg,True,painting,1830s
1833,https://images.metmuseum.org/CRDImages/ep/original/DT6486.jpg,True,painting,1830s
1838,https://images.metmuseum.org/CRDImages/ep/original/259961.jpg,True,painting,1830s
1830,https://images.metmuseum.org/CRDImages/ep/original/DP-15576-001.jpg,True,painting,1830s
1830,https://images.metmuseum.org/CRDImages/ep/original/DP-23371-001.jpg,True,painting,1830s
1833,https://images.metmuseum.org/CRDImages/ep/original/DT2137.jpg,True,painting,1830s
1830,https://images.metmuseum.org/CRDImages/ep/original/DP169568.jpg,True,painting,1830s
1833,https://images.metmuseum.org/CRDImages/ep/original/DT2017.jpg,True,painting,1830s
1830,https://images.metmuseum.org/CRDImages/ep/original/DP-34304-001.jpg,True,painting,1830s
1838,https://images.metmuseum.org/CRDImages/ep/original/DP169471.jpg,True,painting,1830s
1832,https://images.metmuseum.org/CRDImages/ep/original/DT240033.jpg,True,painting,1830s
1839,https://images.metmuseum.org/CRDImages/ep/original/DP-34305-001.jpg,True,painting,1830s
1833,https://images.metmuseum.org/CRDImages/ep/original/DP-16387-001.jpg,True,painting,1830s
1835,https://images.metmuseum.org/CRDImages/ep/original/DP-14346-001.jpg,True,painting,1830s
1830,https://images.metmuseum.org/CRDImages/ep/original/DP-23545-001.jpg,True,painting,1830s
1837,https://images.metmuseum.org/CRDImages/ep/original/DP-19486-001.jpg,True,painting,1830s
1837,https://images.metmuseum.org/CRDImages/ep/original/DP289719.jpg,True,painting,1830s
1830,https://images.metmuseum.org/CRDImages/ep/original/DT872.jpg,True,painting,1830s
1839,https://images.metmuseum.org/CRDImages/ep/original/DP-15439-001.jpg,True,painting,1830s
1837,https://images.metmuseum.org/CRDImages/ep/original/DP-27364-001.jpg,True,painting,1830s
1831,https://images.metmuseum.org/CRDImages/ep/original/DP157664.jpg,True,painting,1830s
1837,https://images.metmuseum.org/CRDImages/ep/original/ep07.233.39.bw.R.jpg,True,painting,1830s
1832,https://images.metmuseum.org/CRDImages/ep/original/DP169473.jpg,True,painting,1830s
1835,https://images.metmuseum.org/CRDImages/ep/original/DP-15888-001.jpg,True,painting,1830s
1832,https://images.metmuseum.org/CRDImages/ep/original/60100.jpg,True,painting,1830s
1830,https://images.metmuseum.org/CRDImages/ep/original/DP136056.jpg,True,painting,1830s
1837,https://images.metmuseum.org/CRDImages/ep/original/DP-23290-001.jpg,True,painting,1830s
1839,https://images.metmuseum.org/CRDImages/ep/original/DP-33900-001.jpg,True,painting,1830s
1832,https://images.metmuseum.org/CRDImages/ep/original/DP-19583-001.jpg,True,painting,1830s
1838,https://images.metmuseum.org/CRDImages/ep/original/DP-23478-001.jpg,True,painting,1830s
1830,https://images.metmuseum.org/CRDImages/ep/original/DP354137.jpg,True,painting,1830s
1836,https://images.metmuseum.org/CRDImages/ep/original/DP169474.jpg,True,painting,1830s
1836,https://images.metmuseum.org/CRDImages/ep/original/DP232030.jpg,True,painting,1830s
1839,https://images.metmuseum.org/CRDImages/ep/original/DP-19487-001.jpg,True,painting,1830s
1833,https://images.metmuseum.org/CRDImages/ep/original/ep60.71.10.R.jpg,True,painting,1830s
1841,https://images.metmuseum.org/CRDImages/ep/original/DP-14274-011.jpg,True,painting,1840s
1843,https://images.metmuseum.org/CRDImages/ep/original/DP169610.jpg,True,painting,1840s
1842,https://images.metmuseum.org/CRDImages/ep/original/DP-23479-001.jpg,True,painting,1840s
1849,https://images.metmuseum.org/CRDImages/ep/original/DT2001.jpg,True,painting,1840s
1848,https://images.metmuseum.org/CRDImages/ep/original/ep87.15.61.bw.R.jpg,True,painting,1840s
1846,https://images.metmuseum.org/CRDImages/ep/original/DP-14344-001.jpg,True,painting,1840s
1847,https://images.metmuseum.org/CRDImages/ep/original/DP-23286-001.jpg,True,painting,1840s
1845,https://images.metmuseum.org/CRDImages/ep/original/DT224757.jpg,True,painting,1840s
1840,https://images.metmuseum.org/CRDImages/ep/original/DP274261.jpg,True,painting,1840s
1844,https://images.metmuseum.org/CRDImages/ep/original/DP-23541-001.jpg,True,painting,1840s
1841,https://images.metmuseum.org/CRDImages/ep/original/DP-25138-001.jpg,True,painting,1840s
1848,https://images.metmuseum.org/CRDImages/ep/original/DP-23957-001.jpg,True,painting,1840s
1840,https://images.metmuseum.org/CRDImages/ep/original/DT9008.jpg,True,painting,1840s
1849,https://images.metmuseum.org/CRDImages/ep/original/DT332111.jpg,True,painting,1840s
1840,https://images.metmuseum.org/CRDImages/ep/original/DP103071.jpg,True,painting,1840s
1840,https://images.metmuseum.org/CRDImages/ep/original/DP-14679-001.jpg,True,painting,1840s
1849,https://images.metmuseum.org/CRDImages/ep/original/DP352743.jpg,True,painting,1840s
1840,https://images.metmuseum.org/CRDImages/ep/original/DP-25035-001.jpg,True,painting,1840s
1847,https://images.metmuseum.org/CRDImages/ep/original/DP169645.jpg,True,painting,1840s
1846,https://images.metmuseum.org/CRDImages/ep/original/DP-31520-001.jpg,True,painting,1840s
1849,https://images.metmuseum.org/CRDImages/ep/original/DP-23287-001.jpg,True,painting,1840s
1841,https://images.metmuseum.org/CRDImages/ep/original/ep23.103.3.bw.R.jpg,True,painting,1840s
1845,https://images.metmuseum.org/CRDImages/ep/original/DP346117.jpg,True,painting,1840s
1848,https://images.metmuseum.org/CRDImages/ep/original/ep94.24.2.bw.R.jpg,True,painting,1840s
1844,https://images.metmuseum.org/CRDImages/ep/original/DP278466.jpg,True,painting,1840s
1844,https://images.metmuseum.org/CRDImages/ep/original/ep7.267.R.jpg,True,painting,1840s
1844,https://images.metmuseum.org/CRDImages/ep/original/50664.jpg,True,painting,1840s
1844,https://images.metmuseum.org/CRDImages/ep/original/DT4425.jpg,True,painting,1840s
1841,https://images.metmuseum.org/CRDImages/ep/original/DP-21956-001.jpg,True,painting,1840s
1840,https://images.metmuseum.org/CRDImages/ep/original/DP368944.jpg,True,painting,1840s
1840,https://images.metmuseum.org/CRDImages/ep/original/DP-16688-001.jpg,True,painting,1840s
1840,https://images.metmuseum.org/CRDImages/ep/original/DP-19627-001.jpg,True,painting,1840s
1844,https://images.metmuseum.org/CRDImages/ep/original/ep87.8.13.R.jpg,True,painting,1840s
1848,https://images.metmuseum.org/CRDImages/ep/original/DP-23078-001.jpg,True,painting,1840s
1845,https://images.metmuseum.org/CRDImages/ep/original/DT1307.jpg,True,painting,1840s
1848,https://images.metmuseum.org/CRDImages/ep/original/DP-14347-001.jpg,True,painting,1840s
1849,https://images.metmuseum.org/CRDImages/ep/original/DP319656.jpg,True,painting,1840s
1840,https://images.metmuseum.org/CRDImages/ep/original/DP-13360-001.jpg,True,painting,1840s
1844,https://images.metmuseum.org/CRDImages/ep/original/ep17.120.227.bw.R.jpg,True,painting,1840s
1848,https://images.metmuseum.org/CRDImages/ep/original/DP-1740-001_cropped.jpg,True,painting,1840s
1842,https://images.metmuseum.org/CRDImages/ep/original/DP-14092-001.jpg,True,painting,1840s
1843,https://images.metmuseum.org/CRDImages/ep/original/DT2018.jpg,True,painting,1840s
1844,https://images.metmuseum.org/CRDImages/ep/original/DT1996.jpg,True,painting,1840s
1846,https://images.metmuseum.org/CRDImages/ep/original/DP-17567-001.jpg,True,painting,1840s
1840,https://images.metmuseum.org/CRDImages/ep/original/DP-15574-001.jpg,True,painting,1840s
1858,https://images.metmuseum.org/CRDImages/ep/original/DP-23076-001.jpg,True,painting,1850s
1856,https://images.metmuseum.org/CRDImages/ep/original/DP123961.jpg,True,painting,1850s
1850,https://images.metmuseum.org/CRDImages/ep/original/DP169472.jpg,True,painting,1850s
1854,https://images.metmuseum.org/CRDImages/ep/original/DP-22841-001.jpg,True,painting,1850s
1858,https://images.metmuseum.org/CRDImages/ep/original/DP-17408-001.jpg,True,painting,1850s
1858,https://images.metmuseum.org/CRDImages/ep/original/DP-23346-001.jpg,True,painting,1850s
1857,https://images.metmuseum.org/CRDImages/ep/original/DP-22553-001.jpg,True,painting,1850s
1854,https://images.metmuseum.org/CRDImages/ep/original/DT5338.jpg,True,painting,1850s
1852,https://images.metmuseum.org/CRDImages/ep/original/DP-23550-001.jpg,True,painting,1850s
1857,https://images.metmuseum.org/CRDImages/ep/original/DT1961.jpg,True,painting,1850s
1853,https://images.metmuseum.org/CRDImages/ep/original/DT1946.jpg,True,painting,1850s
1850,https://images.metmuseum.org/CRDImages/ep/original/DT2147.jpg,True,painting,1850s
1858,https://images.metmuseum.org/CRDImages/ep/original/DP-19017-001.jpg,True,painting,1850s
1856,https://images.metmuseum.org/CRDImages/ep/original/DT1979.jpg,True,painting,1850s
1859,https://images.metmuseum.org/CRDImages/ep/original/DP-1411-001.jpg,True,painting,1850s
1856,https://images.metmuseum.org/CRDImages/ep/original/DT1978.jpg,True,painting,1850s
1858,https://images.metmuseum.org/CRDImages/ep/original/DP207320.jpg,True,painting,1850s
1853,https://images.metmuseum.org/CRDImages/ep/original/DT1989.jpg,True,painting,1850s
1857,https://images.metmuseum.org/CRDImages/ep/original/DT1968.jpg,True,painting,1850s
1850,https://images.metmuseum.org/CRDImages/ep/original/DT202029.jpg,True,painting,1850s
1853,https://images.metmuseum.org/CRDImages/ep/original/DP-14343-001.jpg,True,painting,1850s
1852,https://images.metmuseum.org/CRDImages/ep/original/DT2139.jpg,True,painting,1850s
1855,https://images.metmuseum.org/CRDImages/ep/original/ep29.100.121.bw.R.jpg,True,painting,1850s
1856,https://images.metmuseum.org/CRDImages/ep/original/DP-2943.001.jpg,True,painting,1850s
1854,https://images.metmuseum.org/CRDImages/ep/original/DP-37019-001.jpg,True,painting,1850s
1850,https://images.metmuseum.org/CRDImages/ep/original/DT1858.jpg,True,painting,1850s
1859,https://images.metmuseum.org/CRDImages/ep/original/DP-22989-001.jpg,True,painting,1850s
1859,https://images.metmuseum.org/CRDImages/ep/original/DP-14201-027.jpg,True,painting,1850s
1852,https://images.metmuseum.org/CRDImages/ep/original/DT4574.jpg,True,painting,1850s
1850,https://images.metmuseum.org/CRDImages/ep/original/DP-14274-009.jpg,True,painting,1850s
1852,https://images.metmuseum.org/CRDImages/ep/original/DP136074.jpg,True,painting,1850s
1854,https://images.metmuseum.org/CRDImages/ep/original/DP-25457-001.jpg,True,painting,1850s
1858,https://images.metmuseum.org/CRDImages/ep/original/ep14.40.812.bw.R.jpg,True,painting,1850s
1855,https://images.metmuseum.org/CRDImages/ep/original/DT1922.jpg,True,painting,1850s
1856,https://images.metmuseum.org/CRDImages/ep/original/DP231820.jpg,True,painting,1850s
1853,https://images.metmuseum.org/CRDImages/ep/original/DP143198.jpg,True,painting,1850s
1859,https://images.metmuseum.org/CRDImages/ep/original/DT2553.jpg,True,painting,1850s
1857,https://images.metmuseum.org/CRDImages/ep/original/DT1975.jpg,True,painting,1850s
1852,https://images.metmuseum.org/CRDImages/ep/original/DT1960.jpg,True,painting,1850s
1856,https://images.metmuseum.org/CRDImages/ep/original/DP140429.jpg,True,painting,1850s
1850,https://images.metmuseum.org/CRDImages/ep/original/DP-14274-007.jpg,True,painting,1850s
1850,https://images.metmuseum.org/CRDImages/ep/original/DP-23285-001.jpg,True,painting,1850s
1857,https://images.metmuseum.org/CRDImages/ep/original/DP212152.jpg,True,painting,1850s
1857,https://images.metmuseum.org/CRDImages/ep/original/DP143175.jpg,True,painting,1850s
1850,https://images.metmuseum.org/CRDImages/ep/original/ep29.100.123.bw.R.jpg,True,painting,1850s
1870,https://images.metmuseum.org/CRDImages/ep/original/DT2000.jpg,True,painting,1870s
1874,https://images.metmuseum.org/CRDImages/ep/original/DT1556.jpg,True,painting,1870s
1872,https://images.metmuseum.org/CRDImages/ep/original/DP-14274-005.jpg,True,painting,1870s
1860,https://images.metmuseum.org/CRDImages/ep/original/DT2129.jpg,True,painting,1870s
1867,https://images.metmuseum.org/CRDImages/ep/original/DP-25462-001.jpg,True,painting,1870s
1864,https://images.metmuseum.org/CRDImages/ep/original/DP-23345-001.jpg,True,painting,1870s
1866,https://images.metmuseum.org/CRDImages/ep/original/DP-15681-001.jpg,True,painting,1870s
1865,https://images.metmuseum.org/CRDImages/ep/original/DP-13445-001.jpg,True,painting,1870s
1868,https://images.metmuseum.org/CRDImages/ep/original/DT2155.jpg,True,painting,1870s
1867,https://images.metmuseum.org/CRDImages/ep/original/DT267444.jpg,True,painting,1870s
1866,https://images.metmuseum.org/CRDImages/ep/original/DT1408.jpg,True,painting,1870s
1865,https://images.metmuseum.org/CRDImages/ep/original/DP-23236-001.jpg,True,painting,1870s
1870,https://images.metmuseum.org/CRDImages/ep/original/DT2130.jpg,True,painting,1870s
1878,https://images.metmuseum.org/CRDImages/ep/original/DP-35674-001.jpg,True,painting,1870s
1864,https://images.metmuseum.org/CRDImages/ep/original/DP-22990-001.jpg,True,painting,1870s
1879,https://images.metmuseum.org/CRDImages/ep/original/DP-25446-001.jpg,True,painting,1870s
1878,https://images.metmuseum.org/CRDImages/ep/original/DT209324.jpg,True,painting,1870s
1879,https://images.metmuseum.org/CRDImages/ep/original/DP267029.jpg,True,painting,1870s
1873,https://images.metmuseum.org/CRDImages/ep/original/DP366369.jpg,True,painting,1870s
1868,https://images.metmuseum.org/CRDImages/ep/original/DP-23204-001.jpg,True,painting,1870s
1873,https://images.metmuseum.org/CRDImages/ep/original/DT250756.jpg,True,painting,1870s
1865,https://images.metmuseum.org/CRDImages/ep/original/DP223662.jpg,True,painting,1870s
1866,https://images.metmuseum.org/CRDImages/ep/original/DT1977.jpg,True,painting,1870s
1865,https://images.metmuseum.org/CRDImages/ep/original/DP-14936-055.jpg,True,painting,1870s
1866,https://images.metmuseum.org/CRDImages/ep/original/DP-17680-001.jpg,True,painting,1870s
1872,https://images.metmuseum.org/CRDImages/ep/original/DT1982.jpg,True,painting,1870s
1862,https://images.metmuseum.org/CRDImages/ep/original/DP124050.jpg,True,painting,1870s
1868,https://images.metmuseum.org/CRDImages/ep/original/DP-19924-001.jpg,True,painting,1870s
1878,https://images.metmuseum.org/CRDImages/ep/original/DT1043.jpg,True,painting,1870s
1863,https://images.metmuseum.org/CRDImages/ep/original/DP-1275-001.jpg,True,painting,1870s
1870,https://images.metmuseum.org/CRDImages/ep/original/DP-19283-001.jpg,True,painting,1870s
1868,https://images.metmuseum.org/CRDImages/ep/original/DT9199.jpg,True,painting,1870s
1865,https://images.metmuseum.org/CRDImages/ep/original/DT1031.jpg,True,painting,1870s
1862,https://images.metmuseum.org/CRDImages/ep/original/DP-25459-001.jpg,True,painting,1870s
1869,https://images.metmuseum.org/CRDImages/ep/original/DT234058.jpg,True,painting,1870s
1877,https://images.metmuseum.org/CRDImages/ep/original/DP-29208-001.jpg,True,painting,1870s
1876,https://images.metmuseum.org/CRDImages/ep/original/DP-25136-001.jpg,True,painting,1870s
1860,https://images.metmuseum.org/CRDImages/ep/original/DT271288.jpg,True,painting,1870s
1868,https://images.metmuseum.org/CRDImages/ep/original/DP-24651-001.jpg,True,painting,1870s
1877,https://images.metmuseum.org/CRDImages/ep/original/DP-23369-001.jpg,True,painting,1870s
1865,https://images.metmuseum.org/CRDImages/ep/original/DP-16590-001.jpg,True,painting,1870s
1865,https://images.metmuseum.org/CRDImages/ep/original/DP-25460-001.jpg,True,painting,1870s
1875,https://images.metmuseum.org/CRDImages/ep/original/DP-22428-001.jpg,True,painting,1870s
1860,https://images.metmuseum.org/CRDImages/ep/original/DP332566.jpg,True,painting,1870s
1869,https://images.metmuseum.org/CRDImages/ep/original/DP-25620-001.jpg,True,painting,1870s
1885,https://images.metmuseum.org/CRDImages/ep/original/DP238263.jpg,True,painting,1880s
1880,https://images.metmuseum.org/CRDImages/ep/original/DT11964.jpg,True,painting,1880s
1887,https://images.metmuseum.org/CRDImages/ep/original/DP229743.jpg,True,painting,1880s
1882,https://images.metmuseum.org/CRDImages/ep/original/DP-20099-001.jpg,True,painting,1880s
1888,https://images.metmuseum.org/CRDImages/ep/original/DP169651.jpg,True,painting,1880s
1881,https://images.metmuseum.org/CRDImages/ep/original/DP-23203-001.jpg,True,painting,1880s
1889,https://images.metmuseum.org/CRDImages/ep/original/DP124056.jpg,True,painting,1880s
1885,https://images.metmuseum.org/CRDImages/ep/original/DP160223.jpg,True,painting,1880s
1881,https://images.metmuseum.org/CRDImages/ep/original/DT1140.jpg,True,painting,1880s
1883,https://images.metmuseum.org/CRDImages/ep/original/DP318075(a).jpg,True,painting,1880s
1880,https://images.metmuseum.org/CRDImages/ep/original/DP257756.jpg,True,painting,1880s
1889,https://images.metmuseum.org/CRDImages/ep/original/DP-19279-001.jpg,True,painting,1880s
1885,https://images.metmuseum.org/CRDImages/ep/original/DP253485.jpg,True,painting,1880s
1881,https://images.metmuseum.org/CRDImages/ep/original/DT2165.jpg,True,painting,1880s
1882,https://images.metmuseum.org/CRDImages/ep/original/DP275510.jpg,True,painting,1880s
1880,https://images.metmuseum.org/CRDImages/ep/original/ep1972.145.3.bw.R.jpg,True,painting,1880s
1882,https://images.metmuseum.org/CRDImages/ep/original/DP-19197-001.jpg,True,painting,1880s
1889,https://images.metmuseum.org/CRDImages/ep/original/DP-14201-031.jpg,True,painting,1880s
1880,https://images.metmuseum.org/CRDImages/ep/original/DT297552.jpg,True,painting,1880s
1881,https://images.metmuseum.org/CRDImages/ep/original/DP-21914-007.jpg,True,painting,1880s
1885,https://images.metmuseum.org/CRDImages/ep/original/DP265190.jpg,True,painting,1880s
1883,https://images.metmuseum.org/CRDImages/ep/original/DT10260.jpg,True,painting,1880s
1885,https://images.metmuseum.org/CRDImages/ep/original/DP-31956-001_Crop1.jpg,True,painting,1880s
1886,https://images.metmuseum.org/CRDImages/ep/original/DP-854-001.jpg,True,painting,1880s
1887,https://images.metmuseum.org/CRDImages/ep/original/DT1502_cropped2.jpg,True,painting,1880s
1884,https://images.metmuseum.org/CRDImages/ep/original/DP259921.jpg,True,painting,1880s
1888,https://images.metmuseum.org/CRDImages/ep/original/DP-14936-045.jpg,True,painting,1880s
1884,https://images.metmuseum.org/CRDImages/ep/original/DP-20645-001.jpg,True,painting,1880s
1883,https://images.metmuseum.org/CRDImages/ep/original/DP-20338-001.jpg,True,painting,1880s
1880,https://images.metmuseum.org/CRDImages/ep/original/DP-17011-001.jpg,True,painting,1880s
1880,https://images.metmuseum.org/CRDImages/ep/original/DT1029.jpg,True,painting,1880s
1888,https://images.metmuseum.org/CRDImages/ep/original/DT1398.jpg,True,painting,1880s
1883,https://images.metmuseum.org/CRDImages/ep/original/DP323408.jpg,True,painting,1880s
1885,https://images.metmuseum.org/CRDImages/ep/original/DP253481.jpg,True,painting,1880s
1883,https://images.metmuseum.org/CRDImages/ep/original/DP-14936-039.jpg,True,painting,1880s
1883,https://images.metmuseum.org/CRDImages/ep/original/DP-14976-001.jpg,True,painting,1880s
1880,https://images.metmuseum.org/CRDImages/ep/original/DP136266.jpg,True,painting,1880s
1884,https://images.metmuseum.org/CRDImages/ep/original/DP354135.jpg,True,painting,1880s
1888,https://images.metmuseum.org/CRDImages/ep/original/DP320128.jpg,True,painting,1880s
1885,https://images.metmuseum.org/CRDImages/ep/original/DP253483.jpg,True,painting,1880s
1880,https://images.metmuseum.org/CRDImages/ep/original/DP-14201-003.jpg,True,painting,1880s
1882,https://images.metmuseum.org/CRDImages/ep/original/DT1046.jpg,True,painting,1880s
1888,https://images.metmuseum.org/CRDImages/ep/original/DT1396.jpg,True,painting,1880s
1885,https://images.metmuseum.org/CRDImages/ep/original/DT47.jpg,True,painting,1880s
1880,https://images.metmuseum.org/CRDImages/ep/original/DP-14178-001.jpg,True,painting,1880s
1895,https://images.metmuseum.org/CRDImages/ep/original/DP169319.jpg,True,painting,1890s
1890,https://images.metmuseum.org/CRDImages/ep/original/DT7098.jpg,True,painting,1890s
1894,https://images.metmuseum.org/CRDImages/ep/original/DP123847.jpg,True,painting,1890s
1899,https://images.metmuseum.org/CRDImages/ep/original/77I_052R2M.jpg,True,painting,1890s
1892,https://images.metmuseum.org/CRDImages/ep/original/DT1944.jpg,True,painting,1890s
1897,https://images.metmuseum.org/CRDImages/ep/original/ep1974.356.35.R.jpg,True,painting,1890s
1891,https://images.metmuseum.org/CRDImages/ep/original/DP-14201-043.jpg,True,painting,1890s
1890,https://images.metmuseum.org/CRDImages/ep/original/DT204990.jpg,True,painting,1890s
1897,https://images.metmuseum.org/CRDImages/ep/original/DT239221.jpg,True,painting,1890s
1897,https://images.metmuseum.org/CRDImages/ep/original/DT1923.jpg,True,painting,1890s
1899,https://images.metmuseum.org/CRDImages/ep/original/ep1974.356.36.R.jpg,True,painting,1890s
1896,https://images.metmuseum.org/CRDImages/ep/original/DP318843.jpg,True,painting,1890s
1899,https://images.metmuseum.org/CRDImages/ep/original/DT1559.jpg,True,painting,1890s
1890,https://images.metmuseum.org/CRDImages/ep/original/DP231550.jpg,True,painting,1890s
1894,https://images.metmuseum.org/CRDImages/ep/original/DP302453.jpg,True,painting,1890s
1890,https://images.metmuseum.org/CRDImages/ep/original/DP240599.jpg,True,painting,1890s
1895,https://images.metmuseum.org/CRDImages/ep/original/DT837.jpg,True,painting,1890s
1899,https://images.metmuseum.org/CRDImages/ep/original/DP-22562-001.jpg,True,painting,1890s
1894,https://images.metmuseum.org/CRDImages/ep/original/DP124813.jpg,True,painting,1890s
1895,https://images.metmuseum.org/CRDImages/ep/original/ep64.153.R.jpg,True,painting,1890s
1890,https://images.metmuseum.org/CRDImages/ep/original/DP346474.jpg,True,painting,1890s
1892,https://images.metmuseum.org/CRDImages/ep/original/DT1500.jpg,True,painting,1890s
1896,https://images.metmuseum.org/CRDImages/ep/original/DT1864.jpg,True,painting,1890s
1891,https://images.metmuseum.org/CRDImages/ep/original/DT1860.jpg,True,painting,1890s
1892,https://images.metmuseum.org/CRDImages/ep/original/DP-14936-043.jpg,True,painting,1890s
1892,https://images.metmuseum.org/CRDImages/ep/original/DP-17451-001.jpg,True,painting,1890s
1891,https://images.metmuseum.org/CRDImages/ep/original/DP-14936-049.jpg,True,painting,1890s
1894,https://images.metmuseum.org/CRDImages/ep/original/DP364161.jpg,True,painting,1890s
1897,https://images.metmuseum.org/CRDImages/ep/original/DT400.jpg,True,painting,1890s
1890,https://images.metmuseum.org/CRDImages/ep/original/DP346475.jpg,True,painting,1890s
1890,https://images.metmuseum.org/CRDImages/ep/original/DP124808.jpg,True,painting,1890s
1896,https://images.metmuseum.org/CRDImages/ep/original/DT1954.jpg,True,painting,1890s
1892,https://images.metmuseum.org/CRDImages/ep/original/DT1943.jpg,True,painting,1890s
1891,https://images.metmuseum.org/CRDImages/ep/original/DT1025.jpg,True,painting,1890s
1890,https://images.metmuseum.org/CRDImages/ep/original/DP-21913-001.jpg,True,painting,1890s
1893,https://images.metmuseum.org/CRDImages/ep/original/DP341200.jpg,True,painting,1890s
1894,https://images.metmuseum.org/CRDImages/ep/original/DP169627.jpg,True,painting,1890s
1897,https://images.metmuseum.org/CRDImages/ep/original/DP-21959-001.jpg,True,painting,1890s
1891,https://images.metmuseum.org/CRDImages/ep/original/DP-14201-001.jpg,True,painting,1890s
1896,https://images.metmuseum.org/CRDImages/ep/original/DT1027.jpg,True,painting,1890s
1890,https://images.metmuseum.org/CRDImages/ep/original/DT10262.jpg,True,painting,1890s
1893,https://images.metmuseum.org/CRDImages/ep/original/DT1867.jpg,True,painting,1890s
1892,https://images.metmuseum.org/CRDImages/ep/original/DT1952.jpg,True,painting,1890s
1899,https://images.metmuseum.org/CRDImages/ep/original/DP-20613-001.jpg,True,painting,1890s
1892,https://images.metmuseum.org/CRDImages/ep/original/EP5.jpg,True,painting,1890s
